temperatura_motor,vibracao,horas_uso,consumo_combustivel,umidade_ambiente,idade_maquina,manutencao_atrasada,risco_sinistro
92.45071229516849,77.98710873172004,513,10.934939391398139,88,10,0,0
82.92603548243223,68.49267365825537,2114,18.66994613709283,77,4,1,0
94.71532807151038,51.19260739840348,1481,21.48710710644852,34,9,1,0
107.84544784612038,37.061264445888526,1198,15.571734456518444,77,14,1,1
81.48769937914996,63.9644662722718,3526,6.175398079275785,32,2,1,1
81.4879456457623,57.869707708434994,3755,13.53076481826447,76,9,1,1
108.68819223261087,67.90386440055465,1009,20.19697526521069,91,1,1,1
96.51152093729362,62.70343603363939,287,17.483323671136873,43,10,1,1
77.95788421097572,70.9910543063867,4144,14.217464845823136,92,10,0,1
93.13840065378947,39.29529576878864,3856,21.541579154457178,90,3,0,0
78.04873460781306,76.34788131268651,2115,18.696529204161482,60,6,1,1
78.01405369644614,53.95199209384799,2192,19.08169577969172,46,6,0,0
88.62943407349051,91.5052174525053,3744,12.946826540095994,53,2,0,1
56.30079633013303,36.21624363820864,2230,12.463081591269507,52,18,1,0
59.12623251230451,84.71927606330499,457,6.5002013965848935,79,2,0,0
76.5656870613854,53.95821566925296,2522,13.703041220313718,56,12,1,0
69.80753319498365,36.97163992771103,4357,19.67696026899064,44,5,0,0
89.71370998892911,40.32228331891357,4645,13.979533514922066,79,7,1,1
71.37963886718184,43.5930538361136,1597,17.227694232645025,65,16,0,0
63.81544447997062,58.48331892803833,2258,20.5559967832664,37,1,0,0
106.98473153382331,60.45670976070999,2655,16.86416495899316,32,1,0,0
81.61335549270197,38.52599992122842,2442,17.35257380880401,91,17,1,0
86.01292307031886,49.51290815478034,3051,8.210887689812228,76,1,0,0
63.62877720679815,92.84540717223727,1338,13.387176079490114,90,13,0,0
76.83425913212226,84.55086340201423,1073,23.633132532482975,61,9,1,1
86.66383884564799,58.726473393480646,4827,15.518985905480466,42,15,1,1
67.73509633866546,50.760069563364006,4065,24.483690909982876,30,3,0,0
90.63547027518509,52.40062653436522,1150,11.384421846805264,63,14,0,0
75.99041965121792,62.27035945460833,3801,16.169737260672697,91,11,0,0
80.62459375310085,29.54414869603189,2880,13.08660781224066,60,12,0,0
75.97440081655904,44.852469251533094,1688,17.959923425622765,93,13,1,0
112.78417276763406,16.62831852244821,3978,19.475043340300605,54,13,0,1
84.79754162893099,57.98446245210559,2468,18.012330478504502,67,1,0,0
69.1343360656615,62.943918794054824,536,20.209260718740143,43,10,1,0
97.33817368154783,40.33627075401252,2928,14.934135057388366,37,3,0,0
66.68734525043467,81.47973526580066,1656,14.047358161681611,83,4,0,0
88.13295392507133,25.484686739953176,3958,6.209034963620141,31,16,0,0
55.60494814180336,20.712502395803597,1404,18.192254675822824,85,8,1,0
65.07720926652354,54.48903637119944,2484,15.860920461200786,90,16,1,0
87.95291853803685,70.94196605224309,282,14.660426312187335,51,17,0,0
96.07699869993115,83.67855382915738,1689,14.045912972728274,64,19,0,1
87.57052421784955,40.8223147426212,1687,14.81560219328105,45,15,1,0
83.2652757641764,71.57361666862592,759,13.818819342510414,79,16,0,0
80.48344456616067,49.229830609985854,259,12.359830807183476,72,15,0,0
62.82217014448859,46.54745400118361,4053,16.197944403620845,46,2,1,1
74.20233687407936,67.67319874973344,1111,17.420795594664764,87,11,1,0
78.09041843560318,63.046457568268394,152,11.147160428069096,31,1,1,0
100.85683339328374,18.47215686031501,2407,12.996322154063046,33,15,0,0
90.15427434352692,79.53080699451792,1328,13.976891243675658,68,19,0,0
58.554397669558995,77.60182708294903,1135,15.024066536883925,35,4,0,0
89.86125954092192,37.488745969809415,3802,14.359072652071164,49,11,0,0
79.22376579375525,57.91607066874818,4145,18.29860599828197,93,5,1,1
74.84616999541062,59.88060372565478,4549,6.738164921480953,45,3,0,0
94.17514433261302,55.21347531647814,1364,7.624814008299415,80,13,0,0
100.46499283743927,38.9938969230916,1984,15.96784699626789,66,10,1,1
98.96920178674299,36.56753264123897,1909,11.986570760861056,71,11,1,1
72.41173715166042,49.488918580171095,3267,19.421211528869055,86,18,0,0
80.36181436223178,73.45458038518728,3897,20.84900476294275,38,2,1,1
89.96895147105346,60.872003091888644,2441,16.16873588211455,93,7,1,0
99.63317690683539,42.58771335827788,3514,9.640125418629104,51,9,0,1
77.81238643232065,65.43397421296689,917,20.272967581135298,63,10,0,0
82.21511535004274,-6.970852412601509,2537,15.994513310751637,84,18,0,0
68.40497538990958,72.97531400744207,988,7.565320137364412,58,7,0,0
67.05690063878994,15.20572442443801,767,8.007401759674078,67,7,1,0
97.18788733591298,42.751181171937354,4828,22.584733948543224,47,3,1,1
105.34360042856234,27.606602107477123,2724,21.75567956630615,94,12,0,0
83.91984817629499,24.106370485581884,4332,2.4142842895187755,30,7,0,0
100.05299346838036,73.21653574757039,4623,8.211045523710617,33,17,1,1
90.42454037571451,40.64597597376218,918,20.704277478108274,33,1,0,0
75.32320368092314,56.930077634614314,2288,14.907537058034759,56,5,0,0
90.4209340826262,49.06158842241632,1206,18.509246427460464,72,16,0,0
108.07054849698955,59.54081654446243,2324,14.690236269509516,88,15,0,0
84.46260941335073,51.536437821205105,297,18.272462450356016,61,2,1,0
108.4696548372101,24.340155516228606,2771,15.029167733327169,62,9,0,0
45.703823438653835,69.9253363889428,3592,12.81195871621517,57,7,1,1
97.32853756562835,40.12486833677375,2548,20.293719149574045,84,4,0,0
86.30570602357257,18.86836202680498,570,16.01027308012823,89,18,0,0
80.51488974301199,41.43769678068175,2048,18.26194358121783,91,4,1,0
86.37641164803253,80.01519581268622,3999,15.787239624803833,63,13,0,1
55.18646628098661,67.00443484226986,2110,12.568215532250935,85,1,1,0
81.70492168243732,43.026957311842814,3900,23.041946556785962,42,3,0,0
90.35668857267619,43.014845913631426,4218,16.77484127378833,85,16,0,0
107.16841067112274,43.56729897565235,3896,13.224756778139241,47,4,0,1
77.22594672589528,91.53495967121682,4088,21.39164735159358,83,16,0,1
72.87259595660218,57.63870904463107,334,8.395881130605215,72,19,0,0
77.47364434623195,58.600832943821395,1028,26.18141825397993,68,1,1,0
98.73103176553111,70.60566908063684,3707,14.104251211682858,90,5,1,1
89.93126664489526,54.77578318053027,622,8.659928963083118,71,19,0,0
77.05359694349441,44.819157083585935,3623,24.529706742287825,47,11,0,0
92.69901149670034,46.07300301830043,4626,12.684161934636043,52,13,1,1
86.4561632402206,48.56797481171872,4988,16.216222849278136,83,5,1,1
99.52967485799334,49.25555526980317,1729,18.588453707197317,59,4,0,0
74.46920359183972,64.5525908727396,4728,20.920862638300726,87,4,0,0
80.08506780103347,51.03891771614599,1416,16.498872818607822,47,4,1,0
79.11837770301764,64.65280154431159,2957,11.763422958349814,36,4,0,0
63.04727577801822,48.385668397828354,1224,16.094962616669964,69,18,1,0
89.44180415596864,51.57270380632181,2687,12.903422273341393,94,18,0,0
88.91582908269834,10.035986309357845,1123,16.24505838182262,78,16,1,0
85.07670184963692,68.32655349404963,1478,23.14074772878429,81,9,1,0
81.4811929993728,56.929769517959855,3474,18.77962595821897,58,18,0,0
63.769438869243785,69.96020219719304,1619,16.033232190491695,50,2,1,0
78.69032015851961,-7.925107563873787,326,18.6924541630317,38,4,0,0
79.85928225209845,91.76749409561455,991,19.050403259545927,76,12,0,0
72.96584096167572,47.20820743689652,4172,9.610629485156373,71,7,0,0
82.58071432500986,72.16365633475033,2357,15.20861355607849,80,15,0,0
91.06076285221808,29.20188145748938,2888,27.81263829666258,85,7,1,0
113.29278851815795,62.25547810125139,496,21.06410492515933,80,17,0,0
87.61866719247759,28.931688736526876,2178,12.482822204194001,49,16,0,0
88.86325586084146,37.5246207860839,4844,11.983960519411891,56,19,0,0
83.8833112635075,88.28062707733572,4524,11.817371384121989,67,9,0,1
56.21843177051438,46.186351984733065,3337,19.331599751310286,94,14,1,1
84.60229186826174,54.348657463594456,3993,23.038204605581086,83,17,0,0
85.90345314911539,67.40135461377508,2105,17.91083522240029,53,5,1,0
121.94863168727929,59.913637759452094,2116,15.78581174934409,76,2,1,1
82.11458552828316,53.00837810287153,3271,12.779223211836143,92,16,1,1
89.52321013500419,57.29922004932451,2768,16.646865727917636,86,14,0,0
84.47932345442135,98.0683117047655,1978,10.899391399518953,84,14,0,0
67.46982943570703,48.84762405932829,1296,5.321172263943808,89,1,0,0
102.14234221772531,54.02198093429935,1872,23.184128450562245,91,3,0,0
96.27899549030161,71.01308792015224,261,9.970936648189454,59,7,1,1
96.8654792056457,72.11051865915968,4076,13.375838131653403,51,15,1,1
71.35918817807891,73.7406061112076,1851,18.281787253146454,58,19,0,0
106.04191466404149,62.774604440583694,875,22.172334346730267,70,2,0,0
63.97223405811579,27.13990174539033,1039,16.285653262093106,71,19,0,0
93.80285640700406,82.66863064602191,3320,9.031445061695859,94,9,0,1
117.85683438714968,27.07309213962624,639,13.493267751542245,60,19,0,0
70.14195512303968,56.05270930478066,1561,11.607572974874603,59,5,0,0
76.50553405595842,34.914482999612844,455,14.808944862643395,47,18,0,0
86.49477047631461,48.717233068140146,3704,21.15992235634818,46,16,1,1
77.44786518825701,56.57524820606961,3423,2.3130570196505786,67,4,1,1
61.74004853400801,56.42714430900546,334,12.943050849862546,43,12,1,0
86.0284446220904,58.438415084705696,1648,12.579751818064908,85,7,1,0
69.06544429410843,82.27422538117294,2196,8.716193275521801,51,14,0,0
92.10388645952773,59.070686030279596,4313,17.92745371874808,85,12,0,0
71.20863648649295,45.116867294187024,2201,7.92512064061976,48,3,0,0
108.24901607526309,69.28174336576714,1773,8.500528603518376,86,5,0,0
73.25120061495645,73.78940977849281,2200,19.25534607010307,73,17,0,0
80.16907725691486,25.44784369726015,3757,22.502856844813344,64,10,1,1
97.20275826054504,61.94800139699716,4753,14.619516156940204,30,10,0,1
66.53703525349067,64.02345484621796,3696,8.91301940505367,81,11,1,1
88.41189901906193,44.048729932800164,3848,11.47222954110875,66,17,0,0
104.60714131423643,77.51413626623238,3273,20.040009736225226,94,5,1,1
60.88775148158159,46.998888259349464,1915,15.582191203316968,80,13,0,0
87.76950787798457,52.51152906943084,3941,14.494806115590386,30,10,1,1
88.89824191372635,46.53856351432261,2105,16.56524854956573,50,9,0,0
96.72734307665965,50.31158095162935,4593,14.811700282372797,82,17,0,1
66.44573933682878,28.074498262095965,774,22.728561488296087,45,1,0,0
65.19315080373585,21.198982348114114,486,11.254283676531994,90,4,0,0
92.82912348425347,81.89010126449944,2258,10.680204415823933,83,4,1,1
89.45477009849779,33.060773033633446,2761,8.082732409656721,69,18,0,0
88.75739275518815,30.172153010873856,2164,12.300061821371548,55,9,1,0
90.19672314245463,6.932197727925704,3951,9.540122626669227,94,18,0,0
74.79962917632264,37.220765046209955,3353,16.090377543263617,93,14,1,1
88.48380545741506,23.538204131850033,4736,15.104736827625716,72,15,0,0
89.39608709948021,82.84030320272738,4366,9.604622499660119,46,6,0,1
74.28472872960448,70.19634178685268,839,17.945696795139863,88,10,1,1
112.98661766717134,36.236993096445524,1501,22.58406433564937,52,15,0,0
92.10749381367681,95.04871610688618,3359,16.78919174335512,36,4,0,1
67.13044754196028,69.63530973983188,2377,2.2825090852226317,73,18,1,0
94.84830412950744,43.50337232982755,4004,24.935654853350528,82,18,0,0
70.37977494659017,0.011885702528537934,4023,18.734617345355296,63,17,1,1
96.80626905613678,95.81885145181484,4314,24.782091265942256,75,12,0,1
102.37893368511106,22.20855066472808,3327,20.45361793074917,45,7,1,1
72.68976522472434,17.092025060862163,2931,21.452577094352794,48,16,1,0
99.45064193866483,70.45140864019281,3858,16.026334468005423,31,11,1,1
91.19171390404748,98.79504812678546,2612,13.688519939050837,39,14,1,1
97.33090239991735,77.68545637021036,2251,16.867405938660802,79,3,0,1
113.4518947398092,61.27818240104719,3775,11.456074598767303,41,19,0,1
81.31917825995694,61.89508683330572,2845,17.16940425450116,51,18,1,0
73.69395753463766,67.06831117560615,3966,1.866068713246447,61,10,0,0
71.65728355561716,65.17857179573531,3864,15.214661226072064,30,6,0,0
72.76284572551843,55.62382847938751,2322,21.723380600510666,83,13,0,0
83.84347435878844,52.084022079037524,2892,15.471542894644829,87,10,1,0
90.11727962224965,48.74813744200955,1797,23.63741369015494,47,18,0,0
89.15036198995028,34.92070822266648,3562,13.681273060756974,35,16,0,0
97.40774873554035,44.38649846266452,4163,20.01325456493914,74,6,1,1
85.1950283781686,16.14086371609229,1624,10.60864963163317,52,13,0,0
106.80301115735975,48.033207464105004,4860,19.809783097776894,52,4,1,1
81.03014750143066,30.228177856981652,132,16.162974541139082,55,14,1,0
125.80253749884429,27.92821365568458,4125,13.901247520786356,36,1,1,1
94.3850102164751,53.59788302306957,2666,2.1305894246779005,73,5,0,0
72.14263665375576,77.84004572689199,2903,13.72811612097225,56,8,0,0
68.93661252908332,68.36633212004625,3996,16.06726509639905,55,12,1,1
92.23708622864778,18.58998792753646,3809,19.143547176099588,65,2,1,1
81.64805822011223,30.20743726859325,819,22.804748995495338,84,12,1,0
95.71000741138138,68.81542375976431,4679,25.175163506829556,93,5,1,1
92.09856436860318,30.35025212923381,1072,21.231336715614923,86,5,1,0
83.9075663101469,45.50733700005951,3818,12.189548373479028,90,13,1,1
72.29809422897392,61.00104198049104,4502,13.475979552411305,31,9,0,0
62.27729162971203,30.633110902727296,4652,18.694577355218417,84,10,1,1
78.30227571899468,52.107510122919194,2307,17.598072299239007,67,1,1,0
97.84598191485209,23.31949010163591,4526,23.14172979695681,58,3,1,1
88.21140616195306,37.97264712097572,4420,27.396947093549556,55,18,0,0
66.31391831932018,56.39563868285074,3130,26.335900975491114,64,12,0,0
87.59771388776772,18.140125329366615,3675,22.469690998991723,58,3,0,0
90.77976069593255,58.80949475920798,3216,17.639513244714486,63,9,0,0
71.742138456983,49.60724402146638,3385,21.746625314729222,70,2,1,1
87.30587658918292,61.04979908834295,743,23.307205068641977,70,3,0,0
85.87313077669,54.47828268129323,4811,14.263498013724908,52,14,1,1
67.85544553254066,77.28280859947688,294,12.336695137456203,32,4,1,1
90.36681040522424,52.50449005295815,4096,11.162894999641626,87,19,1,1
93.41176789552351,41.41188917749494,588,10.618076332773484,61,13,1,0
101.24576864762915,52.44595006064568,2304,8.090023387034046,60,7,1,1
100.80703078052355,60.86596058072776,2757,16.249508545588636,72,12,1,1
64.33495948064363,50.977201406514084,3376,10.001235994559341,36,3,0,0
70.93262440127316,50.811833824077645,1202,11.08238907932309,30,9,0,0
92.7255290081299,35.96016624386489,1341,18.506277795883634,90,2,0,0
92.70678926368313,36.74198164898104,615,15.908045331267548,43,9,0,0
92.72571529459071,21.94789456400613,492,17.148124703168374,81,12,0,0
142.7909723598208,84.99153486373879,730,21.825743809460405,35,12,1,1
93.5633576603975,25.122735292174298,3816,19.322649542703978,39,15,0,0
102.03348460270898,36.141896044081854,1947,22.594432907263315,59,2,0,0
99.31002645239803,35.63185468861605,2755,15.399882473890353,50,18,0,0
94.77086876958697,67.89848753888883,1079,23.05895295656198,89,13,1,0
80.27096133039481,44.101006434159444,4629,16.7986838217873,92,14,1,1
96.38453830739901,74.95484145347467,3502,15.843531305476015,71,5,1,1
73.40762178193643,36.530187515122634,3971,22.307631031382517,80,10,0,0
81.44772089889986,55.57988324447604,377,10.639231604033526,93,12,0,0
77.71954678256344,33.293058934804854,332,25.118002837712375,85,10,0,0
86.22811209079484,92.90298255546776,1652,13.589499899813571,70,11,0,0
119.71987850010262,26.248031619409744,3370,8.90946014225339,61,2,0,1
56.99102211112378,56.19641420454055,2509,18.26750976027931,44,5,1,0
95.2939028556177,62.67553761864197,3612,13.113392449408698,91,7,0,1
60.80926193215522,58.27598194902997,125,25.129035459556253,56,6,1,0
77.92102201315849,46.294246822445835,560,12.835495906074264,57,3,0,0
101.33425895451049,47.403586005331476,3864,16.57224458675981,93,13,1,1
85.96420028643195,50.87622943958219,3531,7.872033422609484,88,3,1,1
68.8338283310604,47.05995996743023,3583,19.064571224487356,87,6,1,1
74.27044436110047,69.27758233589819,2094,11.113049620705477,31,11,1,0
95.19396623402014,94.21046003182703,590,18.466623451663004,65,17,0,1
74.04450052424295,38.85016429984333,1172,12.858273801470691,42,10,0,0
88.24687884372962,22.603940408418445,3273,4.765326566386001,44,12,0,0
85.6835775985572,48.2343590329749,315,15.655950451719416,89,17,1,0
75.22599478591275,101.59418675308638,1823,15.432142585392176,51,4,0,0
117.15916133987989,33.926508640605384,1692,19.405357868113065,92,2,0,0
94.50878533477017,82.78233610888135,2706,22.78000285919602,54,11,0,0
54.622861200135894,83.55401628152882,258,24.56204704958399,77,7,0,0
87.79681472154141,38.92823516584011,4881,19.32077106735443,72,2,1,1
75.07320302847418,61.379661583705506,3413,16.393095960329592,67,18,1,1
97.78650002194335,82.56793246257075,2941,7.863332052422674,70,4,0,1
73.11218892350949,42.417445180250255,1876,16.010104684950036,74,8,0,0
83.27895337799652,45.92839279795277,2152,16.074700849694665,69,14,0,0
92.57480918470685,38.366381721027125,2395,14.00679870171986,46,12,1,0
97.98632791255181,29.704865386142664,1796,18.164838253004042,86,18,1,1
66.99555389416335,37.01444909867986,3093,20.60952855491067,31,11,1,1
79.98248146238578,25.52119466475487,2569,10.907980347356581,91,8,0,0
77.87582033258566,50.68166936518452,2046,10.830078229002664,38,2,1,0
75.20006151139432,34.60053537882716,3909,14.303539941116854,46,15,1,1
111.48181360421646,54.675718235814955,2883,11.923854046460384,79,9,1,1
91.07472566441433,18.882087075927455,3744,6.793733988200685,69,19,1,1
66.08674068497433,56.617604644289145,2600,10.017036318385241,87,8,1,0
98.76792920582164,66.6705792321785,3745,8.838394264812797,50,19,0,1
116.8323429551895,10.12528714857089,2745,21.042252540090765,47,5,0,0
100.4869789082672,57.48113139695144,2449,23.51413503004639,84,11,0,0
62.2094505106898,74.55337984946584,2032,9.522832713527066,58,15,0,0
77.73648890700623,25.80717962617589,3394,17.730367565685555,53,8,1,1
104.00366723779933,83.45144773675406,1857,19.367582122348754,46,19,0,1
74.38495801571828,58.3803801873209,1216,7.538656066700681,47,8,0,0
91.65729142219342,35.89976288483182,2667,15.804894735894997,71,19,0,0
96.61951080144006,48.88461844684588,3599,27.66758082673263,74,18,1,1
71.09604292632875,61.16653825043445,592,18.385734331788154,46,10,0,0
84.10711965907299,51.52010782824823,3406,13.773497293337348,43,7,1,1
36.38098989896391,60.77511984892738,719,12.199067373908955,78,9,1,0
69.63418537998565,31.586528138412675,3332,4.887692076395528,58,1,1,1
81.2114777291026,53.38721648072156,3923,17.35236828058366,33,19,0,0
66.28325227052726,21.725710061900397,2480,24.739083936271577,49,5,1,0
109.48616955897452,47.775478773025995,1646,10.932281228010396,76,19,0,0
63.54787933059051,31.921847170704204,3663,5.322076602414693,38,1,0,0
78.39933269954524,35.28940114820467,1705,11.678879093233878,56,15,0,0
86.96110865929137,74.72186350420876,3852,19.40799872989104,44,16,1,1
106.61909933599173,71.82620241188538,4775,12.857499975889574,48,7,1,1
63.46206773230841,62.18276241814354,1990,10.89765953543456,81,12,0,0
102.4474562823244,28.15374470654842,1375,15.095774575289296,55,8,1,1
85.1534959152938,43.671831006103965,2843,16.148503735839274,55,5,1,0
70.27737023428074,74.26195399958367,2593,8.058049296141528,55,10,1,1
91.93155211394907,52.83433827279809,456,13.913581515315883,75,5,0,0
87.98589543360205,96.3865907996339,969,12.513661930388308,78,17,1,1
75.99674684261808,57.86635678788744,985,11.795478253759587,82,5,1,0
86.04703127485028,53.84098232980063,2101,9.91481665304276,32,15,0,0
79.2202960470736,43.81767071594997,1383,19.706289273973987,71,13,1,0
86.70276017876873,52.67081809564564,719,11.778065356009861,48,1,0,0
94.9319601178157,46.950603272389124,982,5.0252735709335745,46,11,1,0
108.79025224218029,64.1621735337718,896,16.321489109877167,62,1,1,1
66.43276751759726,69.13404633589168,3742,18.625997363365922,78,11,1,1
116.995500619844,34.28021078984101,3525,11.019919673920612,85,18,1,1
55.71868300716247,23.375340928844437,1396,12.201686551080169,92,18,1,0
82.72322357446625,13.27589253793407,4814,11.754731397858137,32,16,1,1
93.82475809726864,60.159826538250876,344,13.266733192849447,78,13,0,0
89.2148780160255,27.93266787652253,2995,20.534250910949112,84,7,1,0
75.65950720269109,6.942188140950343,1029,14.429704138138218,55,1,1,0
81.87816624464087,57.77157209061928,619,19.197967728336025,81,16,1,0
77.6049859801175,99.85999034865581,3312,10.155841842266236,36,1,0,1
76.15952864583683,49.878581769202135,2509,13.081547902095078,75,17,0,0
97.74403145531537,66.76981548903284,107,19.770069079236535,75,6,0,0
90.35523228947571,51.6365871709513,2625,10.971973007868703,45,2,1,0
74.60635607109019,48.02220693617715,3523,20.060682304542652,53,17,1,1
98.49399813149876,68.38152965975537,2119,11.85807954502431,90,6,0,0
89.60949281314915,44.194509116226975,4690,13.391687424707904,83,14,0,0
97.1929317825844,55.34784628143806,4382,23.350812936744624,91,18,0,1
94.44443262885419,56.433956123920275,3767,12.820905114168843,30,6,1,1
72.56507483616892,36.63819092713902,3771,15.726729013753173,78,10,0,0
76.59728439704546,69.84084699073045,2901,18.08218211260868,54,18,1,0
96.20940407684893,46.500804866091826,185,16.132543248360058,39,9,1,1
94.15555398150197,34.885096810143104,3215,16.275266744447883,45,8,1,1
84.68647609053778,60.73019687140807,4332,14.717301280091329,87,10,0,0
86.75991074963173,32.030640364179256,2568,8.488803954918385,58,17,1,0
104.16497343682637,50.563623147382565,3719,16.741446650498794,35,6,0,1
76.12642916746255,49.81762006711593,1736,11.337657714941729,45,14,0,0
93.20646071755057,71.71791131663156,3683,18.878836087015884,49,6,0,1
81.9671102134916,59.49396465759906,4109,21.860307119748427,72,7,0,0
81.7347819515917,49.499460825097124,3426,5.972213692914924,55,12,1,1
101.48165277980786,66.35532598400574,2318,21.869039137135523,62,3,1,1
97.38124523482045,77.80415098034626,2317,12.944711040664783,55,14,1,1
97.20264454000957,61.156206127037244,2469,14.345253889077636,74,19,1,1
104.58218210731494,50.20705239686761,3738,10.438062737438052,92,16,0,1
85.31505762449139,23.763275352996807,2603,15.942338645331384,81,7,0,0
95.22929456942445,28.69772673849255,1043,15.334074415887027,55,8,0,0
80.34599865109816,43.89550591290665,2937,20.384614126464253,31,18,0,0
89.86249528732664,37.809755956814335,2760,11.293033616848714,43,13,1,0
83.04785418448473,46.26057394029108,3036,23.304012009689544,59,9,0,0
86.45493947489078,51.13299849794214,4544,18.323570431544447,78,10,1,1
93.92735538155371,60.593855087134614,4047,15.454844883877046,41,9,0,0
72.72668975149791,48.590024438818176,1776,14.096078180522545,73,15,0,0
116.3858091352819,59.730032876524035,1296,13.467152764330748,62,2,0,0
69.90973927750447,51.28948829620241,4205,13.793281127967475,42,13,0,0
66.78717080818402,10.490668672922574,2887,15.842009784677368,55,2,1,0
102.37166310250102,31.213292123624914,1561,13.955000196531339,50,19,1,1
96.87494040944404,47.11824888556769,3418,11.797352717462564,57,2,1,1
94.36179725578234,25.80610514317785,766,15.872296474183512,77,3,1,0
94.4251826389642,61.99857459992409,2276,10.818559406373062,69,6,0,0
84.81629840729629,80.61501664687395,3843,16.612334505008736,52,3,0,1
71.54118442771252,74.37523703394633,700,13.884664822596292,77,10,1,1
86.1370683729059,45.731142581395844,2752,18.48365454615922,31,6,1,0
74.84257432731832,79.81452273699904,4522,19.945371053477384,49,16,0,1
99.62679600126627,52.97334914404223,3924,19.943402801723693,88,17,0,1
82.79413927746792,43.25828057763921,4006,16.59052528026313,75,19,1,1
72.61754204811233,37.7319467291812,1079,17.174156103834225,32,3,1,0
80.1792123752051,43.95060627023743,2551,13.386244869407824,84,18,1,0
91.19397181413436,42.236463629175425,728,18.388198442416737,41,7,0,0
76.54413170794038,53.408324447509756,1729,18.952506803308616,69,9,1,0
72.66669406650352,53.211479620997295,3796,7.16335423237736,45,12,1,1
88.65530817237868,50.06092040306829,3530,16.89173597803632,63,5,1,1
88.67449856663085,58.738763394927,3774,21.840649038544335,73,3,1,1
77.39585236943306,73.81292549572683,4029,13.218548526976079,35,11,1,1
77.93442541572516,68.99108270882647,2865,12.127265119330604,93,4,0,0
88.48074906036454,20.30204063100193,4469,12.900682694568403,51,5,1,1
63.27873487754014,-1.0784226980390983,4880,7.475620035854367,47,1,0,0
63.888043384351676,68.68639822478548,215,15.629919772244552,41,18,1,0
74.22333668121345,22.662426031691577,2103,15.149827200486257,81,12,1,0
81.7982927243223,45.50469196214633,792,15.985134164386505,80,13,1,0
89.66361348397007,26.59773947881281,3262,17.07988310608901,77,9,0,0
107.13034325424329,13.960391248399603,1205,11.010032989092618,48,2,0,0
97.86489434803029,60.82925456409576,3108,16.365995995110218,35,5,0,1
82.60092205054859,65.18310320605293,2261,17.21599329957865,56,13,1,0
84.71475688145966,38.46979198546561,253,12.55804134591484,82,16,1,0
69.96205953043287,-1.8208458428981942,3799,17.100589991259863,77,16,0,0
84.72230296011415,39.075111034950346,4510,15.403533131933706,36,3,0,0
80.67012041619793,57.83608010805093,3886,11.844051152783099,88,4,1,1
89.84077840507135,20.421768624517426,1164,16.413943482418382,40,11,0,0
72.59153584671516,53.667198395583114,4300,13.546446283233903,44,14,1,1
92.79019771361759,49.69380301654009,2013,18.485326370071935,93,3,0,0
107.99108369503867,61.58582999202177,1316,13.804168099654811,32,16,0,0
83.36859777314713,52.39160736828306,2501,8.5511720911747,52,15,0,0
91.02567583148412,30.53862118236889,1872,16.334934927638255,82,10,1,0
95.35215987566669,73.93143003328983,2060,16.147016239157175,66,9,1,1
78.98169292171245,46.8294085394606,2880,9.594314436011693,38,11,0,0
88.36138722715626,49.45390920980136,4904,18.752680577176527,44,16,1,1
85.18888601172692,31.33464081853608,4846,18.491104180677397,32,10,1,1
86.46514147823248,41.134354976169796,2971,10.650099037625457,46,17,1,0
73.404853242168,32.30394571946198,760,11.701868494700442,55,19,1,0
85.36765261388415,46.54107880153154,2735,14.289961934852366,50,2,0,0
92.46997436868175,84.23416960284686,2429,11.20573934481181,50,2,1,1
106.76715411692562,22.56197714137287,4054,18.20198592455839,40,6,1,1
99.3890623912781,17.72877204246518,2550,15.744859746636049,67,19,0,0
117.29773686267335,79.42340654987217,1232,9.532214270558821,64,8,1,1
73.48978655667926,45.81352645696268,799,10.88764543575355,43,3,1,0
98.08480955081018,36.61854522680167,2138,20.938595885832008,43,14,1,1
87.75013008607527,70.79809374792153,4747,22.677811889577075,39,16,0,1
117.8470439982651,37.88768920526272,4600,17.693644880262543,41,1,0,1
72.87552571967272,86.52019427093873,4657,13.94362372424843,67,3,1,1
72.40417236728835,63.558517426785386,2279,12.800185437967118,63,18,1,0
76.00911031833967,40.24177183708595,2938,17.748497091555024,70,9,0,0
53.141564135352894,93.14616426531006,973,15.379602671297434,39,6,0,0
77.11367467478858,37.88570153993323,183,6.949642762928116,46,1,0,0
73.61301007669454,64.84190744018613,1522,20.159339912674152,46,10,1,0
87.25590679714311,55.985851608129835,2775,21.729016336814347,91,6,1,0
90.12633963665739,76.03482578797596,3280,18.68626266471599,30,12,0,1
113.14256258823829,81.23022393453705,4416,9.54194402685896,41,4,1,1
99.25635757279075,50.64008298131533,4075,11.815867751383301,33,13,1,1
76.34644516506395,34.93164259307633,1491,5.711400693211443,71,17,1,0
71.52377992977463,59.19944285878233,3318,22.98024245697778,42,8,1,1
92.37878757259759,36.44569260495788,4307,13.21630718370486,33,3,1,1
65.19650189469037,90.26774495053246,714,26.66644660824891,48,12,1,1
112.47188148781531,52.73070662165475,3071,24.77615015453889,31,7,1,1
102.69160181081931,42.69356897375783,3665,10.482867918155282,41,12,0,1
77.96236521842943,53.69360611729817,3676,11.458661302984932,35,2,0,0
59.30298206363683,23.05747420940607,4670,17.330951711735597,37,14,0,0
105.3080856124812,30.56771922978697,370,6.227289480668649,80,5,0,0
83.28190232121074,74.00827815888852,4166,12.808704413107192,40,9,0,1
103.56724467960193,36.862114420572084,2568,12.309204993966357,92,11,0,0
61.08358511808449,29.061780346361207,1490,24.25582970973354,86,5,0,0
76.0093746556934,60.73305505054572,3454,15.805089427522278,41,3,0,0
85.07865549577275,73.71408309325994,4235,13.576165112314019,31,17,0,1
85.70470890647113,64.37906621330134,3707,11.842576336573494,37,2,1,1
78.24901792781135,69.92095371611633,2683,19.47024798662397,40,1,1,0
94.34274898521248,34.864098228610786,4173,12.516445880347959,82,7,0,0
68.98569355926108,21.563786665163125,3175,14.7485851281875,39,14,1,1
82.8643077246806,80.02667303910974,4006,11.804382387640178,37,5,1,1
86.80443447567848,43.546403223157284,389,7.412314339923029,65,19,0,0
92.71658251088124,44.983339670899056,2580,10.01982436148668,43,11,0,0
95.67422317133335,76.56388283698115,3352,12.490141463176531,83,2,0,1
68.13036862243196,61.1246001880132,378,13.683725848681854,50,8,1,0
61.98828743896567,59.117755441632156,3024,13.902880370382464,79,9,1,1
104.16515232847763,93.30004689802168,680,14.555401497406189,68,3,0,1
89.98471017969388,37.12963539239714,353,12.556561849244954,49,2,1,0
73.7727019516517,68.55680256162475,4376,21.74563174084203,36,7,1,1
108.26727963283784,51.14026249794169,4876,19.73992059928491,38,5,1,1
86.73511951439288,55.37184557726514,924,14.324453664045809,30,5,0,0
102.6894577609574,80.56936852825064,3932,16.27129139870498,55,13,1,1
86.01277722115164,60.15671512579247,799,13.139558792735224,67,6,1,0
115.91121887322981,60.76592158099266,1480,0.7825735397411222,67,18,1,1
111.33011263664807,71.45014674619604,3996,15.102465064630124,90,2,1,1
81.2655377728139,42.70094540914229,1773,16.52807180625608,73,6,1,0
99.57356426431534,33.21580665321987,2827,6.9366912097988624,73,9,1,1
94.68063924377721,29.103816119579328,3256,17.497055345973013,91,3,1,1
105.52947336298523,10.672868212479962,3488,13.597116610275954,35,1,0,1
70.52614809129844,91.12414259880644,4407,16.68966860317331,46,1,0,1
95.29077189997659,27.93583268556634,483,13.748006763149572,80,19,1,1
100.87636730274382,45.57492752828456,441,21.254772371134244,67,5,0,0
58.618907703653285,44.463734002221585,2087,16.131144102920434,53,13,1,0
67.25112231001337,56.148133956182015,4159,20.012082293360038,80,19,1,1
54.411517333598496,66.31474425078594,3209,20.423630710874725,39,12,1,1
80.95889748333164,67.2094697671949,4182,9.402221369557946,50,16,0,0
95.76313383693943,38.33845122862123,4615,11.30491564989426,86,19,1,1
107.53535578144042,46.65756572427177,2898,17.25805341363128,68,3,1,1
86.11142170629662,55.651599009765995,3340,13.172313581209139,62,12,0,0
109.42923318356938,45.02617747632906,2088,13.806966153718522,88,5,0,0
64.29847812677663,82.14691152039985,3514,21.432824110853048,47,2,1,1
59.44926340967268,59.81949903276502,1949,13.44816810903965,85,7,0,0
84.16678451655072,64.69755572099635,405,10.155353258757088,86,13,0,0
90.76098173408961,63.257625373348255,3713,10.830999991822026,77,15,1,1
84.5095787785886,73.4694771497065,2849,25.911782505963505,71,3,1,1
53.98836849940185,53.62043117407414,1235,14.108902598073815,56,5,1,0
83.66319940730817,24.06336104088307,305,8.178761223910449,81,8,0,0
65.4329574924272,57.99375903505283,4691,6.152707023417028,71,1,0,0
95.04508823245058,36.97286212416342,3550,11.876816786629432,61,8,0,1
90.49897369145272,39.42766636500487,3911,14.017389402863083,55,18,1,1
70.90180320508966,61.72728037510186,3722,19.745868532138363,54,16,0,0
77.2919962399496,74.76566142867271,3699,19.261725832308834,52,18,0,1
69.11179717166573,50.425431534721234,2651,14.968267894635824,86,12,1,0
84.05981354090243,56.17666025197928,4408,12.729157069202055,81,13,1,1
99.32713480751858,84.04429889270476,409,16.69800926710845,60,13,1,1
70.21410930496684,54.81506358977136,2808,6.25626961931806,93,10,0,0
92.56069773276766,102.0336622836079,2091,24.905404469646086,62,7,1,1
77.04613572441339,61.31019291263088,371,18.270527979283056,31,14,0,0
73.10690751606484,14.784744816883645,3742,19.334951098641362,47,16,0,0
83.39454460068163,65.06683242209066,4186,9.629233090616946,76,15,1,1
69.4713651637094,57.62316769765555,1922,21.41324320648298,62,12,1,0
76.69526041979228,75.79505508165491,3373,12.699914194868525,64,9,1,1
67.03183161116728,63.46362702539917,4638,10.237209385907184,80,8,1,1
114.47087699374583,47.23088032032452,4449,14.804138146968903,47,18,1,1
85.52895327957593,25.514035274212684,620,14.687224570058131,59,18,0,0
74.50411738011121,45.819534854279496,1076,9.607314637440016,73,13,0,0
88.20969866101333,32.989590915814,3822,10.525313232293174,82,18,0,0
83.31507925463755,38.389531003905546,3651,10.13384112335975,39,15,1,1
81.68545600700166,61.771568088412195,4205,10.181424660715876,81,4,0,0
94.21250050065137,83.39809008702812,2873,13.059510464501997,78,17,1,1
96.36261565070957,57.89343059645962,2652,8.05507431913771,40,5,1,1
77.04248278584208,26.082338759296313,2932,11.543127512930322,87,16,0,0
76.3627263903298,58.89205336440281,4007,20.225672741921343,65,9,0,0
80.87422454272534,73.93262973291303,252,19.116547260520917,62,10,1,1
50.471182528966224,37.804341913612355,3064,9.750603795536227,76,18,0,0
62.27213406702172,47.31965666654165,3016,19.791024586471167,42,17,1,1
105.50311401166786,50.29376389458394,2900,5.167803654319755,69,18,0,0
109.67451570251926,34.3020337383552,1852,27.145721610060768,71,7,0,0
81.26445940665432,62.96560867687718,2710,21.50156596067796,48,4,0,0
93.6483544458365,47.58103702784437,3975,12.201340439299466,48,5,0,0
89.66875231815304,58.39064887814055,1204,16.91213280867555,87,16,0,0
131.18321212682855,32.250156443958,2636,7.995403359454355,52,3,1,1
101.79362367151865,41.25083399353179,4299,15.302213949629067,83,18,0,1
83.0812361277885,64.44762715655543,3954,14.081684837487666,94,14,0,0
70.66689339099361,42.54333695816466,3594,10.826183053038022,41,15,0,0
60.903305196136415,84.53927702466811,2014,12.657212568370705,53,17,1,1
88.05195453800835,42.00727628770795,3172,12.165062620952865,63,1,1,1
73.65473882073545,54.49369451503772,1106,9.341316403411824,82,17,1,0
63.666194356034886,68.65181663746179,506,10.709263770516685,37,11,1,0
75.3014067363621,21.632685341339368,266,7.790777870001437,47,17,1,0
68.77677994578407,14.783823760384479,608,19.28665382780309,86,14,0,0
110.30712452608847,19.486873708598104,1761,10.339436267718655,34,19,0,0
98.22459635424175,75.25168206854364,3764,8.889895642149229,55,7,0,1
84.88041038025074,38.96283708215107,3589,19.207523399079985,59,13,1,1
107.19916208335039,101.16398571336504,4958,16.84810177169665,83,18,1,1
86.16052461471428,38.71504802685223,780,19.022505279744795,42,14,0,0
72.08073698007604,53.69102606394074,2624,19.580416120983273,58,1,1,0
107.84686115904486,80.84219905135751,2220,24.687274484692118,32,7,1,1
93.08365065526988,90.12185776318246,4777,14.219801166534078,87,8,1,1
69.44130768510315,91.23007153272795,4457,7.711961605022463,31,18,0,1
82.14491982874588,74.16732461186285,1463,16.355189003810626,57,9,0,0
71.86572619922865,70.48125051622925,1431,11.654976885600913,31,1,1,1
64.25800403553495,61.85053898402366,2392,10.212473583422296,36,17,1,0
98.89266321297463,65.56722152333276,1638,15.499625861086205,55,19,1,1
113.64124960705196,38.97628567342933,3508,19.328763665047948,45,6,1,1
64.02148639271289,33.63602233155386,660,10.820025792018583,52,3,0,0
93.44453855035856,49.93251085178096,1199,21.371940436658594,69,5,1,0
75.24036146317259,46.59630754950143,2003,10.05193020498592,89,2,0,0
77.69311924352957,40.9354390134545,274,13.780483893372685,61,4,0,0
76.11409113641696,63.927748949134305,2256,16.93153940890434,44,10,0,0
72.04013845480276,69.10610417141021,2330,13.060503956579709,42,10,1,0
85.7278244191724,51.768137725836944,4387,6.1199883053073165,34,11,0,0
72.53574825383444,79.55060162110524,4260,19.637037458944025,81,16,0,1
89.05685238669759,27.1662177173299,4020,11.882678298219865,70,17,1,1
84.24642835826295,46.12681081440564,1597,18.724492246968463,82,16,1,0
81.41577929700385,35.6635535879439,3954,8.679279324861689,79,7,1,1
71.38654506937603,12.6692676585388,3271,9.532817089517941,44,16,0,0
76.34843004147501,48.34638628314602,1667,19.312167047776786,36,3,1,0
96.33086838738635,47.56504983233433,1251,16.70254046371012,69,16,0,0
92.5137578143657,80.26899486484263,468,12.807071446576618,57,8,0,0
70.33667132802174,62.61623369109555,142,16.775157990854186,61,12,1,0
86.48998458143839,29.5162635134159,2007,10.22980432227821,44,3,0,0
96.27080685057683,87.08185132668376,3590,15.551295587444546,94,17,0,1
59.95892078317942,74.42067391050706,2635,15.642769616950327,33,18,0,0
93.15040288569902,61.64195406937232,4273,13.131091974044857,40,11,0,0
75.0606436158123,45.47031802300336,2973,10.823571472046208,55,4,1,0
93.5589800288974,30.811215265530404,1924,15.351242891073968,90,16,0,0
73.55111265186224,42.55586447857894,1393,14.725094283495508,66,17,1,0
57.92676849003222,71.77497239408372,4869,12.670889605401955,52,9,0,1
60.58686343175256,87.69172611869217,4896,9.83092764909625,69,6,0,1
85.72127419992073,80.86487056544378,4954,15.062385246677337,52,2,1,1
88.89583752582223,40.223011564274515,3486,12.68338817581697,45,9,0,0
71.43525062343387,27.607651334219774,3072,9.826711897815333,90,6,0,0
94.57888688166061,52.81772493822408,4022,15.217649053790556,60,3,0,0
60.0771990659656,14.63121268874297,1092,23.04152736027693,82,6,0,0
84.00880302029024,56.46335428369563,2486,13.165861670464611,54,7,0,0
66.83475700356315,47.04794827402662,2340,22.488882706210113,73,1,0,0
75.22245838296762,40.67926996263515,1576,25.571658573650478,41,1,1,0
85.71098006974621,18.10593865466409,3507,10.232905488111625,38,5,1,1
72.09379952074072,60.27200213139433,489,15.045221040994821,41,6,1,0
79.23166683655262,39.34598320676177,1099,25.518659589081548,83,13,0,0
100.0943921382166,26.60166328579424,4720,14.39460019295478,83,2,0,1
76.34662195715276,-7.4452442656329865,1955,15.184060728827,57,15,0,0
97.53538168097712,49.44970189898727,758,6.649972628125541,85,15,1,1
68.05439718013574,85.44503193339489,2863,12.341690498401661,87,13,0,0
92.94706266872925,83.2251842909574,3763,17.777943423344684,71,14,1,1
106.6235293098685,40.858074868274564,1581,27.14641321475625,67,7,0,0
47.92533249809066,37.955758792764385,3831,14.019965832641548,82,14,0,0
73.04657116794284,59.375485121500475,551,6.686868388743225,62,10,0,0
93.6560819077081,30.03229121623417,2575,7.973754046133456,85,17,1,0
81.9543192093551,56.03583799638932,3322,14.821051570308516,80,14,0,0
90.56718810056964,65.32160556769381,1637,20.886033990261247,72,8,1,0
75.94022219926269,74.53866447768615,3193,18.186768414376978,44,4,0,1
86.2988468120935,47.99691847040094,982,17.30127931755063,67,16,0,0
82.66484146911881,45.926524996460685,4508,21.54572193458798,44,13,1,1
102.5167309248971,32.440348264868774,4168,11.398854562405242,34,18,0,1
88.8163126495182,33.4623929192028,2666,15.095473599787827,83,14,0,0
90.06403993112804,45.470422161969466,3377,12.398089398988024,80,18,0,0
78.821845508163,57.347310136323564,474,13.642721322739632,39,5,0,0
77.6859066389126,68.27169252466499,4646,9.968653228372574,41,9,1,1
78.51162718270568,33.9364209863931,3797,13.280119642831021,33,3,1,1
90.91678213567445,79.85377137919043,3162,14.861422168773005,47,8,0,1
78.68523278769605,44.57752797914863,4790,13.142642500692247,65,10,0,0
89.34662285344619,49.57265411303128,3350,14.194692484930991,54,19,1,1
116.13101197968157,35.05576641704353,4695,17.02520271718593,65,3,0,1
98.06687055147539,1.5151947945411663,4659,21.193478845321998,38,11,1,1
80.10964701748239,67.680907927221,212,21.55577934056299,90,11,0,0
103.01820883245918,64.73687794184866,3297,18.807108836984963,82,17,1,1
78.87886940467673,44.37344885763573,2478,8.70009260780842,47,16,1,0
54.428131972332196,51.33981434449744,2024,13.197950072150732,72,7,1,0
69.87870533623894,60.31878435408199,239,13.628574846436992,64,4,1,0
56.938121184612164,18.749082862269148,1524,11.714250846057178,92,19,0,0
79.72729773938038,39.418946453074106,3049,16.711755895148034,33,12,0,0
85.27627568784328,65.88529359243654,3268,7.028357533592711,70,15,1,1
110.14655968412924,24.914211536615014,616,23.46783234764146,74,11,1,1
89.90391060646245,55.871158643332585,2716,20.976103357608572,79,5,1,0
81.71349206786704,22.8683639075319,987,17.391011309508787,57,5,1,0
97.44108371775233,59.328599648670526,3204,14.689453350399077,71,15,0,1
51.832970364881724,49.28717035405033,149,21.14419647536277,30,18,1,0
88.53421837162848,17.69736368188981,4051,18.447024683901336,68,11,1,1
96.5629779083045,73.29478708914343,3660,20.533188921090463,46,12,1,1
62.821206313302376,35.308168464039014,118,14.7047395887008,64,2,1,0
102.15631064810394,33.79495125971238,4921,23.946565429320835,75,15,1,1
90.07744611241621,54.011383944618856,1573,20.834439378449282,71,4,1,0
78.77068129148797,72.9727469885743,4161,17.54768147717966,68,18,1,1
94.49172799159427,29.68356362043206,2706,21.279864602155776,78,6,0,0
119.06039286706593,51.233596996959434,551,12.90419029083014,91,19,1,1
87.72799382587743,58.57633000661146,3865,9.162498203264867,67,11,1,1
88.72330879450504,63.862112145262884,2538,16.607752565237377,52,2,1,0
78.10958650689633,53.528831105544505,4410,14.714547770932656,51,8,0,0
72.25233445802812,42.65944321833355,1649,14.011413288611855,33,11,0,0
97.45503724816368,33.44819558702561,3574,21.081560196747017,78,5,0,1
72.15874261136699,51.722877660927495,227,15.835696066053153,88,18,1,0
86.07349355829089,28.55721976028786,4955,16.31784536767742,31,18,1,1
77.83513829852325,-8.427009669892144,2861,13.364737206229519,78,14,1,0
92.18469738619588,58.73119608315336,4556,19.40561569639763,60,10,0,0
90.00493157930423,68.07869682172391,4764,18.5093789065396,69,3,1,1
100.56309916386849,2.7413512891632337,1515,19.368298384471466,77,9,0,0
77.3497540171788,29.80538590580125,301,12.513680166819107,80,3,0,0
80.95187597059943,62.38308522010396,2469,21.520442300234976,72,11,0,0
70.3185442632654,91.14990939423397,617,24.193842118831867,84,12,0,0
78.33560109885832,50.415874153508156,1441,19.210191986623528,78,12,0,0
90.65950739567279,35.43994117541731,4876,10.953558563778547,86,3,1,1
96.35482924968028,46.34207117790319,2088,10.988988578818994,44,7,1,1
71.16752013733561,77.4975283829637,3645,13.12311522203456,56,14,0,1
98.0440888015849,37.080716417509294,4620,12.178113929907395,93,11,1,1
105.33456788207427,34.016159866994926,3902,14.644536871563677,59,7,1,1
91.20152354835551,40.34512955635935,3375,18.16221233183924,65,10,0,0
113.151937188371,30.933427834825753,3754,16.44976220374924,78,11,0,1
73.3931620134464,52.45340631989591,2534,16.011445281931444,84,15,1,0
66.33017945032874,82.49356916939121,4973,13.793986250999271,85,19,1,1
58.319196266435824,56.461585462320585,307,14.630770364177254,73,16,1,0
107.44066467233775,44.95292995747425,2733,18.98287753764501,60,12,1,1
94.81548484531086,44.163774621689114,4217,4.940209862500925,87,18,0,0
84.16622993634317,18.73618382606686,253,14.943047957606343,82,13,1,0
89.19952939479731,67.66219554294318,3466,16.439937974636624,52,5,0,0
68.11766429052435,48.44325605974396,4414,18.917915342736464,57,4,0,0
121.68627969425239,46.390401728187484,4864,9.949770303580879,45,14,1,1
86.93831772962841,113.86215135689721,1618,9.685451587734406,66,8,1,1
86.64092191907339,55.975058167313726,2700,17.91977497439067,50,9,1,0
95.88649935848038,34.964178998096315,2295,5.47773879871542,46,19,0,0
92.2151384760507,41.47284807588913,4598,21.660945553803927,66,3,0,0
88.35826036418698,72.9689141839351,4791,16.132959957464053,48,5,0,1
73.14288316832032,52.26540821075529,3654,22.793606064217187,59,18,0,0
92.07202535703993,21.234440433652665,2514,9.564638117152436,74,1,1,0
113.2303674471255,68.38457869150407,2949,12.818202656408797,47,8,0,0
105.18130069232467,36.63711828922012,1842,2.960658365365571,91,19,0,0
108.89779939959095,87.4659555243509,1406,11.021551185023618,65,17,1,1
77.33176485353222,71.60096131429297,3949,14.080765596390604,81,17,0,1
70.15592769612128,41.053562086824975,4268,5.186462099957817,48,11,0,0
83.11319619850528,75.62032723470226,4676,13.026865939008003,73,2,1,1
85.83587368433042,51.357110210548065,4755,5.063299115698779,36,6,0,0
101.41287277706422,67.05547350244439,4940,13.712699075442874,73,14,0,1
59.613030554277714,59.6946563458895,4295,20.735559635541183,63,3,0,0
107.9432547919092,33.07286690018253,2655,14.825101249429387,84,12,0,0
82.62988152131516,37.12900335365076,2405,23.291036863059013,39,4,1,0
78.5967839507887,70.59921635162323,4608,18.93146281697305,71,12,0,1
69.81843437109748,43.304493357869184,1188,21.740739243034856,70,13,1,0
60.177149922013456,41.927030735160066,2742,11.175273795608582,39,2,0,0
97.34755875942872,30.89754841301294,1277,11.054291858036988,39,2,1,1
86.09976950782605,58.47198131186922,4857,16.72806708192684,89,15,1,1
65.6505865038842,91.25049838486291,3094,7.111489541835705,80,17,1,1
65.57381841904575,28.64934171491454,659,17.355718748810453,50,7,0,0
79.96322951064808,50.48438913345516,3064,13.380400917265352,37,14,0,0
110.0353228793409,78.24441110830858,1371,21.649984187733285,94,12,0,1
81.10612972954593,48.4071721750857,1913,18.397561270397052,59,17,1,0
62.45285570322841,59.04743592499468,3015,20.483532151700636,78,14,0,0
81.31385403871083,28.752129437062408,709,11.228969593024765,38,6,0,0
80.90914645378494,58.566141944152974,2561,20.241051343808643,46,19,0,0
44.546700355876425,46.257114699909025,4220,22.223562471821413,87,6,0,0
84.18557700223282,69.71459991359725,383,14.806430883098296,86,18,1,0
81.53598204686983,73.74772103129501,3028,11.303246903167558,91,5,1,1
95.44309547220128,101.79127284037227,4496,11.391063993827952,81,6,0,1
112.73434142418017,61.59266346427151,1191,21.195064960079826,90,2,0,0
101.89847544321637,56.51592633164333,916,28.421728712116554,69,8,0,0
80.96666964167754,53.88768603154672,182,10.09177464912389,67,15,1,0
68.40211136887494,42.936674143786234,2020,9.7073997497872,72,15,0,0
123.60039704874791,56.76967686923382,3591,19.607070903372396,92,11,1,1
85.88827651021732,44.091971797219415,3244,11.230432353166778,48,1,1,1
85.2089393786942,53.36921952539229,2193,20.09177692114135,79,18,0,0
84.63812369334995,76.3519507121592,4813,17.32673086763323,62,12,0,1
87.97127141151782,29.869148694407176,275,14.880113487510181,42,12,0,0
82.83459382114086,72.7975712225809,2804,17.20635767260844,91,11,1,1
76.39506989679646,76.34230134679731,469,16.90099184576697,72,8,1,1
76.79711588139412,47.63862946017842,1918,14.101967511069121,78,7,0,0
84.50870094676003,7.562902019828108,2201,6.218194841807527,65,2,1,0
76.84862843299352,37.84356025811135,4885,15.893253642945174,39,11,0,0
74.30731325984253,75.93989093122218,3590,22.86530183032082,35,10,0,1
86.59645341537845,49.542638754022356,1879,6.956156683977383,86,3,1,0
81.17534173868717,30.013955354101785,1464,10.171074899305276,30,10,1,0
107.55989482874033,39.90450157543565,4562,17.134134873830053,87,18,1,1
45.23545287410482,66.81240053009105,3442,15.192959313661403,50,14,1,1
101.37260277883692,60.93467136402759,4839,17.055910797921445,85,18,0,1
103.69127788746444,45.22135801660611,3776,11.503408960861691,49,8,0,1
53.89914651387776,42.663511763706246,2526,20.81229143296153,83,10,0,0
79.85968608879477,42.16483701912356,172,15.234502828451054,54,13,1,0
79.42838701006313,31.55179631002995,3062,18.484927611715285,57,8,0,0
63.88732457923268,82.30751378938884,959,16.60138705485548,34,4,1,1
73.33274968613686,43.5535906157732,3956,15.877474839804963,50,4,1,1
68.34136231801257,74.34317041650993,4238,18.13416828514065,47,5,1,1
111.28405665135435,80.42632103844903,2524,15.932439769834753,76,1,0,1
99.03517589721191,69.9662179629592,1164,9.04900485952244,86,17,1,1
104.07332642491238,41.367593745639034,2317,20.436784128579824,48,2,1,1
95.82508096064853,58.07460180673219,4117,19.090636431240917,94,8,1,1
68.06422343174157,49.51608787218168,2359,4.465748043210951,32,7,1,0
77.1321960058034,31.925962785397438,3851,11.728998575621613,71,15,1,1
92.34061841841877,56.48718563443206,2186,20.211802312464034,50,5,1,0
66.66808286662082,26.41920417680395,468,5.865357267610831,69,2,1,0
95.69497645258582,73.75358776923127,2904,19.717834409503723,54,7,1,1
81.39511902762797,40.70765405403214,250,14.293887321728747,84,8,1,0
79.37768788675604,54.023193117456785,1234,21.701412851669954,81,7,1,0
95.66439952305237,55.665757430922845,2884,14.994266054622681,73,7,1,1
91.6639496722906,44.82190052591845,4264,11.389660035021862,85,14,1,1
79.5855075127138,61.733876029505495,2446,16.540428303795704,84,18,0,0
102.38994705046372,40.501926867549514,4997,14.848072552450068,48,6,0,1
68.78405008600154,67.42594594914488,2350,10.945744329296597,36,4,1,0
94.23903410416395,23.08040639506503,160,26.091717415056934,92,10,1,0
93.89651886952575,52.52759159092824,3110,10.144509092078426,71,18,1,1
80.35680341029014,88.77857998116569,4001,3.78522312470103,71,12,0,1
89.89199533363177,29.993373507888506,1437,22.908494840607464,88,16,0,0
66.23329635422046,36.44510058950297,1284,12.082182638420367,49,7,0,0
98.86040528810352,60.2781569931783,4526,13.516133695171522,46,6,1,1
82.22646795335517,53.591635638791956,1651,13.21046967685483,56,5,1,0
77.1591546922144,57.012601985471186,4533,12.15174282920837,76,3,1,1
100.73513838755333,59.78374260295327,1729,11.16903764368277,31,12,1,1
74.4348446418586,62.6944293712354,1427,10.015913487515178,92,15,0,0
63.873080554546604,72.19399683912447,1626,15.323798808522827,91,10,1,1
61.65056239714144,58.19637313857025,1773,12.990062211621824,48,19,0,0
94.0901492701846,45.17484690762915,1461,18.65181095166973,46,16,0,0
65.79355971255575,63.451474024054626,1673,17.41347025808077,68,11,1,0
111.32191272976547,87.9976386979043,2786,10.36243903237298,68,8,0,1
53.77105888174417,47.34732507234853,4470,15.54260638036178,65,3,0,0
110.44684552435058,30.50941390658717,2466,12.910808379393233,69,7,0,0
88.16526200803928,72.14161338573945,3857,10.041697786831673,74,7,0,1
83.54930332194411,47.59237672092804,2534,18.447157852575664,33,14,1,0
76.82621369786575,6.546609079719275,2093,14.393373603458176,54,2,1,0
90.98704171528107,66.94843354300843,969,12.962249899147604,59,10,0,0
84.43547946362727,39.29343628092155,1114,10.722163817883605,58,19,1,0
101.54952823024783,48.189334353916784,2011,9.860316194633306,80,9,0,0
86.71341472993059,56.63960661138029,702,24.94384011957273,53,16,1,0
87.25452642192816,53.809993595581325,3921,16.670593248149984,43,19,1,1
79.54581681679217,64.1890363427808,790,9.544354813985917,47,18,1,0
84.14581564418398,41.29027258860313,593,16.439329491614064,71,9,1,0
89.6170265333809,60.26211596352165,589,20.31008088397769,86,16,1,0
59.347474110150614,44.80906644832166,2656,15.837588062650212,41,13,0,0
64.7772186684143,64.77620961775006,4585,21.870106710665624,46,10,1,1
96.14896141034072,62.30734968026107,394,7.285934289650164,59,14,0,0
87.56298157191912,31.291225959108093,4127,5.043389763098947,52,12,0,0
82.24024995470981,71.71964232350064,2943,16.302587109268767,30,19,1,1
85.27650899598089,39.28073109771904,3012,16.382480716869416,61,7,0,0
90.21372558042506,66.1611559656229,1817,-1.6975008912712113,38,15,1,0
76.90360479535957,57.345746268026815,2696,11.882119543989925,44,16,0,0
73.3254291189653,86.76367353590246,4844,9.956688428082725,57,8,0,1
87.93767882646523,45.53068035256295,1973,8.040268796484218,53,10,1,0
70.32440833577452,43.01366407763605,4763,9.944791176950947,89,4,1,1
91.12379133571707,49.611607882245345,3358,17.9789390079968,64,19,1,1
59.46124593643239,43.93640434331449,2917,9.912974893551459,56,19,1,0
100.43733455988465,65.998838038841,544,10.084389327090792,49,15,0,0
92.08896223619564,17.673787831268243,3741,6.905973455711605,94,14,1,1
88.84044601470814,28.926351617072918,4558,21.34454821257913,78,1,0,0
99.74036475918271,28.64394156841614,841,17.173161827353173,30,16,0,0
109.98211666693865,69.00615183947151,2141,2.5382189854854946,39,10,0,0
100.21555097527195,84.2122674516385,779,10.088799603884068,76,19,0,1
57.38688653002532,47.91101562925057,2567,17.64258942197463,88,3,0,0
65.80634549896448,46.623565536199784,3797,21.406962744914182,91,5,0,0
75.62772133456482,51.40104326226363,1458,19.204193796833284,47,9,1,0
85.3913657531625,73.23756605216381,162,13.221585448710572,75,18,0,0
92.76488530703685,31.452937316188518,2659,5.343115696034808,61,11,0,0
74.11384280269802,54.7673796546957,3869,19.351244969556554,56,16,0,0
87.80150146715617,69.5039525956486,4451,13.515515743397478,47,2,1,1
73.66925601470017,60.0218833987969,234,15.34431007307535,68,12,1,0
75.82723295512078,53.79163233197487,3744,14.112897808957516,78,6,0,0
63.900083547276665,70.02092185134282,2235,8.22235250211866,73,11,1,1
71.15150130833644,-4.0646458599847435,3378,16.821251061114946,83,8,0,0
64.724730915755,63.55750639061815,922,16.132295155567235,63,12,1,0
70.36190120534,36.918486337451526,3174,12.871055785426009,65,2,0,0
100.80462694911759,13.387342062870864,3081,17.355528999312437,47,9,1,1
70.75901666752085,60.22405199049962,220,8.130002262883469,67,15,1,0
124.48573097256086,77.47317090325916,1737,13.654986120584455,88,2,1,1
92.39976851321333,47.251029707446165,1024,15.130637364678945,38,1,0,0
87.77254185542311,69.05749094405877,744,6.325361839324689,80,10,0,0
72.1246332972818,82.24556515977291,2132,14.714516945819733,64,2,0,0
95.50464819113488,76.29828907168095,2861,18.66822573340648,34,12,1,1
76.36543260643339,82.79929058742786,2168,13.483845379785661,43,8,1,1
86.83014721968043,64.84254982143784,341,14.829425487428278,59,5,0,0
123.40126807403192,51.50867277803186,2768,17.811720196170835,33,1,1,1
83.55910150413025,17.960683762056632,902,13.060999455668636,68,15,0,0
102.23909989428513,45.078750237401024,4264,13.511013002278556,93,6,0,1
74.45235362311169,33.13506809367617,295,9.116482427337665,54,12,0,0
84.47517264254557,93.41885434995628,2287,14.925316113396175,57,8,0,0
111.56200953453265,46.482283751353265,3615,13.325757581976099,51,13,1,1
75.5954941331835,52.464096135689715,2430,17.495448975266612,60,19,1,0
112.18672836995393,61.02970752080935,2459,17.817299770916193,52,1,1,1
95.61627903183214,50.87204892744907,4941,18.956045195064405,77,11,0,1
76.56299836158598,83.90102080861506,3706,12.458698245524346,49,1,1,1
94.48611608583282,37.54701276531096,376,4.11709457187942,67,8,0,0
99.58831674440094,53.89214910474485,160,18.708198732323872,84,5,0,0
94.32714943325794,35.15058828603904,3490,17.155604820487046,30,17,0,0
61.446629201643155,23.599549775585885,2013,11.823541976569551,36,8,0,0
74.09294236262697,37.76461818189429,4027,17.774700997836685,86,10,0,0
81.28722046672743,49.25926405903176,2691,7.757050987418792,41,2,0,0
83.8834985634993,41.4139555096548,666,20.151201064351376,34,9,1,0
94.31008146326018,36.15158040252288,4035,13.33187724102975,79,3,1,1
87.66551501399881,21.873650726563323,1671,10.855361934975523,71,18,1,0
64.96983461934849,48.337888547426104,4817,11.891492218805562,41,7,1,1
90.70296776508945,19.905592519379955,1300,13.842575069998938,47,15,0,0
94.15878617925735,65.20111927379205,4509,14.939939633502684,46,18,0,0
93.3968567189656,51.64879505869006,2954,15.241401401997035,91,3,1,0
101.21171088331933,20.84897001070139,2995,12.85196278020938,70,14,1,1
97.50883231823356,43.81581845900273,1336,16.001197867307397,63,2,1,1
91.88770118842655,34.95687188818834,236,15.041396371667169,74,14,1,0
83.94751432812029,56.383490208383606,1129,11.762135022128005,87,11,1,0
60.085585997260125,76.80900892046289,2256,11.009046877893681,80,16,1,1
91.44427328698879,12.496550607085112,2694,18.041827714474188,63,8,1,0
88.11531530744666,52.30052158294834,761,17.621630179989527,73,7,1,0
89.0736825579306,46.797344088667195,2572,15.285681775806317,44,11,0,0
65.84877136269536,63.42680152900931,2777,19.620977329951007,79,3,0,0
68.78415189387607,54.26393256475378,2408,5.193361719161828,61,17,0,0
100.79729279999356,34.96061336522362,186,12.178026792466484,32,14,0,0
84.40667269215018,43.618921286667636,2612,9.218414438326779,80,6,1,0
95.22251046058936,34.079482863930224,3042,26.281361325689254,77,8,0,1
85.42477564195691,71.52014277197196,2873,18.566099101979933,46,5,1,1
85.44634209243618,50.42623297343884,2604,14.60469008170862,36,8,0,0
99.07425708963997,88.02381371506016,3410,18.92495289423078,42,2,1,1
77.25932907673939,48.786783723707586,1800,20.581378318775574,33,15,1,0
86.44181165411474,35.831864661790746,3770,20.528158457620354,39,12,0,0
78.06587066942436,19.725712147743458,2800,19.608517425501766,46,17,0,0
78.48255658851527,13.937206474881101,3729,13.687298383589692,81,1,1,1
80.3624181479704,18.317281139890206,4690,12.49317290258024,35,15,1,1
88.3320065745057,55.342533020229666,1747,10.189054100096573,38,14,1,0
77.81877067504784,60.17450046459868,3418,17.512236333645035,50,16,0,0
103.83634188360281,18.376185959357333,3787,14.205321323356094,53,9,0,1
71.58089046670744,67.90076628152231,696,12.90764484741402,33,1,1,0
82.19692533757961,40.33877896633121,4645,12.646693191360988,53,17,0,0
78.40403412588738,52.93586023971099,584,22.250963153173444,88,13,1,0
106.704668265306,82.24441256510849,745,19.763402064208357,32,5,0,1
87.94832164767362,67.93678631731063,3189,24.151969280640827,69,10,0,0
100.47766809202952,44.629387041883355,4857,17.645081499460545,77,6,0,1
62.716594404445416,32.17615549169425,4953,15.28477220127449,83,19,0,0
89.00575398803889,6.963691973413901,4484,14.872987746275376,64,13,0,0
98.34446193435156,35.616933615151595,820,9.898492263692635,85,1,1,1
86.23425983913137,45.77739522344611,4833,8.692905041242996,69,15,1,1
100.98220562598027,30.25640945697632,598,17.53670510946437,75,14,0,0
77.24067324849442,47.37486065815391,4829,10.326606447583726,42,8,1,1
106.1402116027837,51.53703765917536,1773,16.05728876933618,56,10,1,1
119.48347185428875,45.50288036383843,3167,20.57733341547606,35,9,0,1
79.55742159340511,36.99994838353081,214,11.672730334845518,46,17,1,0
78.31746217898842,53.37309343933455,3079,25.05240817295789,65,9,0,0
106.80076715676552,58.83881299138818,4869,10.046524395279503,31,3,1,1
108.69358218596068,28.192018451143078,1836,19.950973782449232,81,11,1,1
77.15709959270097,78.2186475949254,3711,17.12378090566181,81,12,1,1
78.69719774356214,48.02823735431477,2353,20.97047624973076,72,10,1,0
80.7732308670924,50.37699245889695,2394,9.419011943201552,51,17,1,0
64.83324233448585,64.16428846513114,3730,26.535104584768057,84,17,1,1
71.22022080273703,54.66432262527003,246,14.106124581085473,89,11,1,0
69.93788849871898,69.0627326782649,4082,18.383239696496407,87,4,0,0
73.48303652343807,55.74248330403648,3553,22.222437444732506,41,7,0,0
84.47972668919829,37.75125250719124,4607,11.97668966252392,68,14,0,0
88.5132209880478,57.23007050412203,2510,19.128631814735893,42,7,0,0
108.25750739221115,27.125475853586764,236,11.142651773892537,70,8,1,1
70.02468938891813,52.17119411553046,3460,21.984807902289198,86,1,1,1
99.76483597714875,49.335400187110785,3105,11.199096343856331,82,4,1,1
81.79016733661737,45.83766285454921,3652,15.192534912478795,41,12,0,0
84.2580443552135,47.429249771221386,118,16.5306035050598,42,3,0,0
95.12229238249905,12.363019090047217,2342,18.921498848613076,86,13,0,0
68.15916967656553,39.02550184518077,548,24.842381542132728,69,6,1,0
90.73614619276076,51.85689802282229,2048,12.740155051927552,74,11,0,0
87.49678312319584,53.19712783994801,1045,20.693673871368034,64,4,1,0
92.38676896012224,29.446497181480837,4336,24.851292243170683,32,16,0,0
89.33752965861727,75.31415681729402,2020,15.828666804324586,34,7,1,1
121.82950209866341,32.676503035709985,3077,12.249336249398542,40,11,0,1
75.43390023623026,69.38914401053474,4288,6.349831302823542,85,1,1,1
77.03504567497274,58.543887237433694,4115,24.416378837055312,39,7,0,0
75.65289210362853,37.075453803123935,338,13.777778350378181,63,12,0,0
76.66784321259618,85.50621785219025,304,9.993207503847245,60,7,1,1
75.43919309040223,26.127263364870398,2707,8.208349578951186,70,7,1,0
102.83524796661328,68.38308347220003,4440,9.983929048049793,92,10,0,1
106.30756371984782,70.01164636085957,3488,19.598526466135826,61,16,1,1
76.43880559375785,36.5875958184671,3072,20.28934263837369,49,8,0,0
72.51466640343656,77.84930600128658,4490,18.26060935727768,86,9,1,1
92.07123334579606,44.99906970802095,2787,15.661689136766823,79,9,0,0
76.71665433578544,55.77387258559714,4266,8.772397052493321,54,2,1,1
94.49397726633266,55.206436775424415,1448,11.350295270489763,41,13,0,0
88.04384531276949,47.31382517058904,4500,9.466902946593622,68,13,0,0
62.26383827504152,66.21616546319564,916,17.864105027631325,46,4,0,0
108.21257801995093,65.86977441104426,920,9.683437605691479,74,12,1,1
111.93816509643283,15.029360535236385,292,11.428769444732037,40,17,0,0
75.80816964273421,76.08680485756305,1876,14.082563785007464,52,2,1,1
79.18447660096024,16.750160239286515,3745,6.650999234518265,67,13,1,1
89.28798086087357,70.65092408683314,4724,15.233857154204232,31,18,1,1
90.01685184980538,72.53410273655166,350,14.464235594822318,66,15,0,0
94.87816409009245,28.180671395696034,1888,20.921045729808455,78,8,1,0
115.15306808149525,41.7837142409083,3800,10.90067227483124,81,15,1,1
82.34579158758926,27.885906630281283,2563,8.504022408438322,62,1,1,0
73.0255413319232,45.70157939422529,1267,13.129701752043577,51,10,0,0
64.31021157978209,43.839314316285176,3993,9.509543532819919,34,12,1,1
74.0360494008712,65.59321064538679,1196,15.195772959065623,47,5,1,0
84.50309540689304,76.20617492239217,2779,5.70032569086697,67,9,1,1
111.91836795276681,77.91367621579911,1947,11.973272983113592,66,8,1,1
77.23583051445743,38.75663946843396,4004,10.358141650888902,93,16,0,0
88.35681927458347,45.81556252510944,604,17.838785385430345,39,14,0,0
84.75365655890872,16.331236155580996,1721,10.947176451873174,71,13,1,0
102.82589910172126,33.88259867007622,2572,6.319521207007504,77,13,1,1
122.90398638810433,69.29703266194915,2646,13.990899515327257,73,5,1,1
77.03696840619519,82.31165647096464,1487,16.599430701372544,45,16,1,1
77.65840836222667,25.31302256240156,3094,13.64397403369637,83,11,0,0
100.66241315603608,38.15071481694211,3916,11.94338610390446,64,5,0,1
95.22837234439467,49.47188486082146,817,11.642189497078686,57,13,0,0
112.7006098860405,55.603223176392135,3584,15.56474016221017,31,11,0,1
93.75892277988946,33.80792960156708,4534,10.552756253802258,42,19,1,1
79.61061863819411,58.48122088928179,758,13.35758514294733,70,3,1,0
93.85982246038463,40.523213058581675,4108,18.75223285443687,88,15,0,0
101.63055370874362,49.71095458243442,4624,8.493384605471773,82,7,0,1
97.30723271796046,60.925684960073994,4334,14.781664901298639,74,7,1,1
92.60911046660947,50.12844539621876,3864,6.055052936014976,49,6,1,1
101.00012034383731,41.272282189468626,3089,16.139648350049765,53,3,1,1
102.5394338566851,47.807803921483384,4737,10.105953946004695,90,13,1,1
105.7323848655629,48.232740815893294,2204,20.097959065153976,87,7,1,1
94.73064831384464,42.59977940235745,1355,7.615263451773256,56,5,0,0
82.49322879524719,44.82407874665795,2582,17.21039518400504,55,18,0,0
87.20070529649985,81.97294341009433,483,21.105655392632467,36,8,1,1
103.09763449762535,61.218388958824775,2707,9.846552992897657,71,17,1,1
72.74596493519147,44.090393639416796,293,10.690575355025302,76,1,0,0
90.53009963309351,63.93908809021471,3907,10.279021778117013,82,14,1,1
79.09991781508958,43.3236102048798,3819,12.57068655797848,88,17,0,0
85.43117234402226,73.46249275173282,2681,17.58710899594733,67,10,0,0
104.17677793910948,57.39284384396188,2665,12.162475330564382,82,12,0,0
87.86648602029855,47.85395711991542,2863,9.395208873968215,44,16,0,0
85.69654822234223,58.95433851620555,2898,4.906231467083549,55,14,1,0
64.60215788530121,18.582476958630014,2439,23.00973753256198,77,16,1,0
96.19380349040831,27.464650621803894,3506,23.402478152073236,48,8,0,1
94.68226271711613,26.12149987201889,831,17.801185197442283,38,10,1,0
117.4488208495819,52.85886189527413,2972,10.948081527875075,93,17,1,1
80.38332647570499,84.65029998970184,3220,18.738510575658232,83,18,1,1
88.28725491495908,94.62600292385264,4880,19.74353458746533,80,16,1,1
88.74075525566133,62.76102202881514,4277,13.728759342936332,68,17,0,0
108.66179919645211,60.01688949888914,2704,15.206842719994452,33,16,1,1
83.57056701419572,13.978845316945218,2482,21.15884114744746,32,19,0,0
89.18532288655508,39.14652400531956,631,6.797693214717958,93,8,0,0
94.11844764574809,34.24432496183522,4416,19.99211411561087,58,6,1,1
87.79913684734537,37.58304803497768,734,13.454230943217434,40,6,0,0
78.30349578174207,46.63712362830421,1869,9.437108489944748,87,9,1,0
87.91134989347461,40.55818844605746,3904,9.848467633528307,56,4,1,1
101.10447624789659,10.414003792484245,2470,10.676389327404559,50,12,0,0
69.6022705088341,64.95820512235068,102,8.949646399493984,68,12,1,0
86.99454511220314,28.54513948520387,305,23.856944871945082,75,17,0,0
74.4981877759124,54.78493728222299,4235,17.456014692505008,65,15,0,0
102.92569943387264,91.48165339499947,2721,20.322413768042843,94,9,1,1
62.15219642824338,31.612308168271532,4839,17.81184145808339,92,7,1,1
76.61617229092617,-0.6057504549265929,2990,15.306138042350867,64,10,1,0
90.65817812596781,44.27991556239778,3293,15.37377661682816,60,16,0,0
108.4828604385151,72.01919269997143,2766,13.012436805450688,57,12,1,1
84.01374608390519,89.16694908441187,3406,13.421088117799147,30,7,0,1
76.67200709960203,25.409008110951664,997,7.959483130935542,54,18,0,0
113.21735604160885,59.933984464730436,1185,20.409130755201318,72,15,1,1
63.279791493756335,40.693790864398935,1379,5.933833569984774,92,6,1,0
52.017910650698774,47.88103291391729,770,9.706947047354005,80,12,1,0
91.60021675079999,102.8868669403407,1605,25.060170654803052,31,11,0,0
77.46918663471084,19.940593432096936,3675,15.680864415324134,93,3,1,1
69.6815077430393,55.07479322989147,4914,15.888552225150994,38,2,0,0
95.6253467094903,59.35386343530867,2055,18.186692738838644,31,6,1,1
88.65701070656799,71.71572649878695,349,7.298312534393022,63,5,1,1
76.53882053894907,51.95966306941791,1992,8.031033167649884,89,18,0,0
65.79543401993658,56.161010790082045,3539,12.775528267255767,90,16,0,0
98.08685992420217,42.16702865156418,1953,10.483195212261549,60,8,1,1
94.75301766937991,55.38253882490215,2954,14.625220174952997,39,11,1,0
83.51236204330925,43.136154490051794,1603,17.42774647651068,65,10,1,0
112.69955494071499,62.43143779712102,3485,21.94581523935298,78,12,1,1
68.94872850510771,42.60779327912732,3671,19.055441698947956,78,6,1,1
62.117122436128916,57.54200787804373,3892,10.02861644155523,32,5,0,0
74.62137895178134,49.414743726300436,3526,13.125179610261036,34,9,0,0
84.31620975466754,72.52100501544336,143,11.765274143751927,90,16,0,0
88.65009173984038,48.97212552823027,3712,9.917195604938254,55,14,0,0
81.38145913215506,14.53935063586237,2718,8.779124436610838,34,8,1,0
90.28083094771445,75.23843001427983,4778,23.3215619386227,44,19,0,1
66.22690863714334,31.88535398274762,3263,15.05321121616325,45,14,0,0
106.65646906109889,36.924673227023604,1388,13.87884896697626,30,7,0,0
83.76773232411146,38.086774119130155,3042,17.421287832971508,45,5,1,1
101.75943747382192,77.48876186341634,319,17.668730518707864,66,18,0,1
90.14088019566556,7.286515720426088,2025,20.594128268532106,32,2,1,0
91.85129828730676,112.75497067319988,3072,11.281691933166172,81,11,0,1
93.54650920348305,71.12113618132103,3613,17.0136110843641,76,8,1,1
91.71562840025973,54.4647782825832,2548,10.444130118245855,42,1,0,0
94.64084139801315,48.902119987674276,3571,14.04921028130636,84,12,1,1
104.93728795198646,55.71108149715314,2874,15.28371283581027,50,2,0,0
87.94781754552206,60.42244856758677,1090,15.772419978595305,83,18,1,0
95.63505636382769,62.90431171900114,3046,15.551605529235953,56,7,1,1
83.6539645856916,61.11208932006897,1912,19.009154912724597,67,17,0,0
106.6017582317421,51.79161362510498,903,12.01505804512114,87,14,1,1
74.85411546911095,46.053231593853475,589,15.908371364517357,91,7,1,0
112.01410649366224,46.97453432692976,3656,11.205475802398,75,3,0,1
84.39763074033485,46.10183439294638,1593,29.603762829429407,40,6,0,0
63.53837346822928,72.67540193734129,3745,10.43567841118185,37,2,1,1
86.92156622366184,61.87113444561724,2991,11.496736728277227,93,17,0,0
74.78422513787679,-8.807772693285607,1805,19.4132403850656,50,12,0,0
97.60965323483086,63.118015530595216,3616,12.852674282494208,92,12,0,1
75.21064031046413,53.894723894375495,3440,19.415230638505147,93,17,1,1
78.3072485017783,49.62582487108205,153,15.765112968629424,49,10,1,0
56.65688903581703,42.229630938222286,2675,12.984053667231048,37,3,1,0
78.21540521126386,72.48225439972026,3691,11.236223254376114,87,18,1,1
48.64181010056565,68.95052924245715,715,11.055817191815636,75,13,1,0
61.24145764771415,34.54244664352782,1054,13.03839498743629,60,12,1,0
96.40621984216446,58.141045742490704,2533,14.128018408276011,38,17,1,1
96.78700237976248,30.56686530917428,1729,10.840593782880628,44,4,0,0
91.38186342677447,22.40763670422139,2881,14.453837849067277,55,10,1,0
70.4953578530618,37.4656555082007,749,9.529423536659962,39,11,1,0
84.2843296578703,67.24786944765518,2447,18.77950608298176,58,6,0,0
84.94596191364147,69.06250090752174,4590,19.736811997299824,65,6,0,0
67.62452966211185,60.26170840194586,3378,11.478374048957344,66,9,0,0
107.55097452650726,64.50191573695994,2740,11.199134724423898,52,15,1,1
98.16043435863507,60.32356574229917,3901,15.889584035049362,70,2,0,1
81.68553739255503,37.17036809554095,2661,21.326830465157826,57,4,1,0
85.40328758491796,58.63845089347881,3349,22.43331832126587,77,5,1,1
88.12574211921329,66.00819050455365,470,7.986286383818664,67,17,1,0
54.37397697363564,65.08582659627149,957,20.03152414825762,60,8,0,0
81.29233926219105,73.77826742949286,4986,14.692233310324026,43,8,0,1
74.77023628003302,64.16607694402127,4853,14.789051497697326,58,12,1,1
69.97569985157627,57.028964150831655,483,17.523561828252806,80,8,1,0
80.78349560671067,71.40300476632855,3977,12.595212647919428,78,19,1,1
111.96529790274283,49.469574815018795,2652,20.483503160541524,72,3,0,0
94.61264291900514,32.36250697544564,4434,22.119811358849034,34,18,1,1
76.43231515325805,46.738660721124724,4390,22.306421387676185,71,19,0,0
93.58874172034238,35.10194710387102,2825,5.7804260586736,36,19,1,0
